,N,fasta,first,last,N_FL,nu,acf_rg_1,acf_rg_1_err,acf_rg_2,acf_rg_2_err,acf_rg_3,acf_rg_3_err,Delta,Delta_err,S,S_err,SPR,SPR_err,nu_replicas,nu_err,R0_replicas,R0,R0_err,ete2_Rg2_replicas,ete2_Rg2,ete2_Rg2_err
Q99733_343_375,33.0,DDNFEEGEEGEEEELEGDEEGEDEDDAEINPKV,343,375,375,0.6678631199723986,0.0521209486709958,0.0413786029870102,-0.0239616234860406,0.0235987514234771,-0.0012490098515105,0.0193860342362688,0.2668576860695649,0.0036589315686767,1.1355061600648335,0.0139521271876598,11.104893672590569,0.0936145822705784,"0.6757951710773114, 0.6453510646106433, 0.6833765072443099, 0.64938424264842, 0.68367575964113, 0.6524765298734463, 0.688995210549197, 0.6621015643544569, 0.6838038903742533, 0.6536712593508169",0.0160434059211335,"0.5290451902955731, 0.5902890555636354, 0.5199774771148589, 0.5866890727812583, 0.5224398521532811, 0.5848084505704031, 0.5131690196211922, 0.5650374092980924, 0.5212591020736687, 0.582214752126517",0.5514929381598479,0.0311530537653964,"7.102852268808716, 7.192455338361557, 7.180120453175096, 7.321728970026196, 7.14875865632434",7.189183137339181,0.0731414996196093
O60763_929_962,34.0,DLGHPVEEEDELESGDQEDEDDESEDPGKDLDHI,929,962,962,0.6572095663237512,0.0191186141940157,0.0405876148616511,-0.0368408236502221,0.0191013864213196,-0.0067455146796608,0.0291368822210208,0.2642710177031961,0.0069297346335069,1.1139897302230168,0.0162935908970503,10.934269078783265,0.048449574821607,"0.6828440450951577, 0.6570239676545615, 0.6755362371417336, 0.6428991859254228, 0.6714405804024411, 0.6363308273280813, 0.6703373635832277, 0.6356503216470585, 0.6689104929391229, 0.6311226415207044",0.0181406662616729,"0.5089320701235371, 0.5585049769805389, 0.5196960378266224, 0.5839151438151422, 0.526764562801727, 0.5965128997880378, 0.5272784197778936, 0.5969089115445064, 0.5293027579584892, 0.6045173794754135",0.5552333160091909,0.035176942317692,"7.345202893633243, 7.2226183481109425, 7.194634098678991, 7.104411228999716, 7.1408070162448825",7.201534717133555,0.0827689658887916
O15347_162_200,39.0,SKGKFDGAKGPAKVARKKVEEEDEEEEEEEEEEEEEEDE,162,200,200,0.2985679616455657,0.0813393349592712,0.044171826896197,0.0395487727972681,0.0409836283134457,0.016931905607638,0.0346319199514632,0.1614461885087378,0.0091104800521504,0.5964626898755119,0.0288768812550399,10.507293400951191,0.0451830662854158,"0.3395671977841732, 0.2653488081990218, 0.3398002014250494, 0.25339045591614234, 0.3442963038305122, 0.2612841377777259, 0.3347958215676812, 0.2410782121873119, 0.341984928636522, 0.26413354913151826",0.0420654369491171,"0.9292875386137738, 1.1358071820967117, 0.924539497760556, 1.1687030091064712, 0.921215051300814, 1.1527071417830586, 0.9501510404010954, 1.2366072775566672, 0.9294500602516832, 1.1500522655829868",1.0498520064453818,0.121751405898201,"5.457455621624744, 5.583271167514602, 5.573756282686966, 5.393108482808619, 5.4368652979769285",5.488891370522372,0.0761299934441645
Q8NHM5_568_615,48.0,PVVTWPKKTPKNRAVGRPKGKLGPASAVKLAANRTTAGARRRRTRCRK,568,615,1336,0.6286773642356598,-0.2056768016080886,0.0204175603580354,0.0912791639379065,0.0326095864275787,0.0080932779723992,0.0232072209288458,0.2440631150615361,0.0057105741534013,1.0244370032737362,0.020412520426613,10.329080406138024,0.0356787417119697,"0.6297540589837198, 0.6244736874211452, 0.6282890838369334, 0.6238125966224479, 0.6331253639123976, 0.6354745365573449, 0.6308167961564266, 0.635264437878027, 0.6262780821101029, 0.619484998878053",0.0049684604490146,"0.5227217750949205, 0.5346812476503376, 0.5209564022811306, 0.5306739373074182, 0.5167061674454999, 0.5149591892042813, 0.5213419246076826, 0.5167297486804026, 0.5275937828263513, 0.5418975204983035",0.5248261695596328,0.0083114196280143,"6.602346557822615, 6.634784795020648, 6.601256528969912, 6.532838173652388, 6.62406609072264",6.599058429237641,0.0355035829932981
Q8NHM5_1_69,69.0,MAGPQMGGSAEDHPPRKRHAAEKQKKKTVIYTKCFEFESATQRPIDRQRYDENEDLSDVEEIVSVRGFS,1,69,1336,0.4733780274914648,0.2911221436920152,0.0310327921762499,0.0600693552552963,0.0253801785285109,0.0151097096260864,0.0234421656259054,0.1973564214255028,0.0093461242381621,0.8226722682434259,0.0161152946330186,10.181015580179588,0.0189607783691892,"0.4880252936958211, 0.45690316434827155, 0.4878041813209816, 0.4548184760731273, 0.4803252181924463, 0.4504938455763743, 0.4774630994912272, 0.4477235192492698, 0.5087360505737575, 0.48148742639337216",0.0189770318537965,"0.6973352357147399, 0.7814574698870697, 0.7015721597778714, 0.7920536205813282, 0.7185829725919861, 0.8036173602694834, 0.7206412850246793, 0.8056998022116192, 0.6637590706039103, 0.7331316681319433",0.7417850644794631,0.0476973295199865,"6.134956942067215, 6.138239843416501, 5.982820894230369, 6.001189112517093, 6.355903655683048",6.122622089582845,0.1334965872551174
Q96HA7_455_528,74.0,RLRELSVAEDEDEEEEAEEAAATAESEALEAGEVELSEGEDDTDGLTPQLEEDEELQGHLGRRKGSKWNRRNDM,455,528,1378,0.4748506266193213,0.3941786486862032,0.0328128019848583,0.1287984913537936,0.0366120279717787,0.0945513843907973,0.0398724120742253,0.2397832382041102,0.00685309954668,1.0266606935783755,0.0203658252901465,10.325385329812637,0.0326755278208471,"0.4684873669398627, 0.46309054952531875, 0.4823694365695468, 0.4817830124394585, 0.47288895049448, 0.46847896921244214, 0.471660808254258, 0.4742358921488796, 0.4811271725372136, 0.4843841080717524",0.0068458914064997,"0.7971979530218876, 0.8244657517131647, 0.7666781782914431, 0.7785926605250918, 0.7843746655644835, 0.8072405606794911, 0.7948428777927794, 0.7992842813766651, 0.7740437256978091, 0.7759089861399239",0.790262964080274,0.0167473396596244,"5.170598484043372, 5.215845742203773, 5.198815450134456, 5.074342845615079, 5.163947288335673",5.16470996206647,0.0489479814183127
O43818_1_77,77.0,MSATAAARKRGKPASGAGAGAGAGKRRRKADSAGDRGKSKGGGKMNEEISSDSESESLAPRKPEEEEEEELEETAQE,1,77,475,0.1560977987129327,0.3719416317203806,0.0540031667729218,0.2256905439205916,0.0755254206302662,0.1669087936554342,0.0541607550939752,0.1455601804000432,0.0093453976652343,0.6802489879070971,0.1045672620570929,10.025997590696278,0.0180978500737242,"0.2278336535595133, 0.09912543922428876, 0.2185703277858818, 0.09106340832936585, 0.2345360002869179, 0.1064118071453856, 0.1923414119973606, 0.050946847394128074, 0.2322984347894047, 0.10785065661708029",0.0675648328554538,"1.3643527579476142, 2.219049785447578, 1.397567609679689, 2.2658192888122093, 1.326923777901739, 2.1476915847124802, 1.4951275111091822, 2.555293052726742, 1.3401867404565522, 2.1434655287364093",1.8255477637530195,0.4555552635552238,"4.459623082742702, 4.296214613024127, 4.540644193737763, 4.14190634692885, 4.440862873373528",4.375850221961394,0.1410483300553415
A8MYZ6_1_84,84.0,MAAKLRAHQVDVDPDFAPQSRPRSCTWPLPQPDLAGDEDGALGAGVAEGAEDCGPERRATAPAMAPAPPLGAEVGPLRKAKSSR,1,84,492,0.5185572493085787,0.2838985150080926,0.0226850469203382,-0.0161309168932298,0.0321777519078101,0.0149691352995255,0.0362542133910477,0.2176592546747448,0.0063232240212784,0.9098950679224622,0.0215916765250255,10.115322584335056,0.0232327051747149,"0.5063477820573613, 0.5040766793508692, 0.5299051596808436, 0.5324018395120274, 0.5202464301782045, 0.5224427131249711, 0.5155724970302241, 0.5216937967069161, 0.5154228497749447, 0.5174627456694251",0.0085259895616496,"0.6608048953519159, 0.6700581104246646, 0.6161871512167648, 0.6127962805033202, 0.6427302051464377, 0.6408787150167937, 0.6473324416608088, 0.6363452865559661, 0.6456420424797269, 0.6442974729910455",0.6417072601347444,0.0165527312900235,"5.830789043783952, 5.968977498418167, 5.82608803100785, 5.753831935332517, 5.725598292901694",5.821056960288836,0.0844180927075626
Q86SE8_129_214,86.0,EEEEEEEGEEEEEEEEDDEDEDADISLEEQSPVKQVKRLVPQKQASVAKKKKLEKEEEEIRASVRDKSPVKKAKATARAKKPGFKK,129,214,214,-0.0065570722428205,0.2489973838921859,0.0616800731830776,0.1151889550436139,0.0211755500570682,0.0574942131992966,0.0438994655664846,0.1182422525714432,0.0077120371408626,0.4296517018188357,0.1354213738036395,10.214958468856596,0.0121434559155773,"0.0769534881083517, -0.08737170956441913, 0.0601472217382732, -0.10961420691495692, 0.0749648749518703, -0.08833574832975732, 0.0787259873741173, -0.08564693851495393, 0.0851172264026536, -0.07051091767938397",0.0824205759854388,"2.2072890810810284, 4.198243492766327, 2.296606636216356, 4.468839446664301, 2.206271460732009, 4.182249065773918, 2.1944652927342583, 4.173092450645432, 2.146516952112309, 3.9510143104600224",3.202458818918596,0.9996071889155892,"3.2281403075725623, 2.9913750280231284, 3.164229176804494, 3.204573036677265, 3.1579817322603936",3.1492598562675687,0.0830776073235898
P98177_1_97,97.0,MDPGNENSATEAAAIIDLDPDFEPQSRPRSCTWPLPRPEIANQPSEPPEVEPDLGEKVHTEGRSEPILLPSRLPEPAGGPQPGILGAVTGPRKGGSR,1,97,505,0.5281333107075181,0.4157293596575971,0.0124132876386816,0.0481226776356299,0.0141759249593213,-0.0090204232829322,0.0314131342374306,0.2061292340605294,0.0071282381535031,0.8853982351811153,0.0229913522066407,10.169497972107129,0.0454029627922511,"0.5243240527888943, 0.5337908997520279, 0.5298475859244538, 0.5366694505741142, 0.5336295055846316, 0.5408460793836418, 0.5147470518637102, 0.5212379655133148, 0.5195086500022768, 0.5267318656881157",0.0078564136867407,"0.6552081119015591, 0.6349709778838345, 0.6452542511296683, 0.6314653539080921, 0.6398709835128953, 0.625058603857285, 0.6741175365768871, 0.6610543762986535, 0.664738899570564, 0.6499971865168255",0.6481736281156264,0.0149380555017714,"6.03682585175596, 6.188171536855688, 6.240677679421752, 6.025818857494627, 6.103103864397875",6.11891955798518,0.0839977736742742
Q99457_1_97,97.0,MAEADFKMVSEPVAHGVAEEEMASSTSDSGEESDSSSSSSSTSDSSSSSSTSGSSSGSGSSSSSSGSTSSRSRLYRKKRVPEPSRRARRAPLGTNFV,1,97,506,0.3698572901745161,0.5530338228699476,0.0158196763735672,0.3107088515966208,0.031114796066674,0.2028045664587348,0.0525766764718009,0.1767412792196484,0.0068764664529608,0.7845048878311968,0.0505092596275679,10.07486910694631,0.0277609117325631,"0.4258606165968349, 0.3652000094927196, 0.3918796726225511, 0.3276358780935415, 0.3966506036973322, 0.3281247290990879, 0.3905752878387707, 0.31841818144920736, 0.4094164579551035, 0.34481146490001197",0.0362665445787201,"0.81286613358717, 1.0284791592903118, 0.901773598200458, 1.1592527479708237, 0.8919982209745735, 1.1645704067290965, 0.8960382731984756, 1.1849497697217497, 0.8503062174845513, 1.0924203236442172",0.9982654850801428,0.1362064354385556,"5.815138085912302, 5.578965685018126, 5.701935918520149, 5.7155895308347455, 5.6802186138370345",5.698369566824471,0.0755392310785242
P05067_186_287,102.0,CCPLAEESDNVDSADAEEDDSDVWWGGADTDYADGSEDKVVEVAEEEEVAEVEEEEADDDEDDEDGDEVEEEAEEPYEEATERTTSIATTTTTTTESVEEVV,186,287,770,0.6411289469011862,0.5070077415419314,0.0080223472685018,0.0588708383135042,0.0161303586868584,-0.0741818868765978,0.0195729954823628,0.2472991435896896,0.0085134992416614,1.0707236609282922,0.0116204580840927,10.630214386167276,0.025992035628465,"0.616330143197523, 0.6590594475323807, 0.6135655137118562, 0.6562765695179665, 0.6211326889028523, 0.6627391095097603, 0.6203000608140712, 0.6647071670578829, 0.6259156864298038, 0.6712630823377644",0.0221851542120263,"0.6474914344160777, 0.5523568716529177, 0.6534389054815523, 0.5576141267610202, 0.6402916784905338, 0.548325539167604, 0.6430882072437291, 0.5449615993722571, 0.6323873354117012, 0.5337048375170028",0.5953660535514396,0.0485657541512205,"6.468790008392539, 6.431215085339737, 6.561206100368008, 6.487643496267843, 6.549587581294988",6.499688454332623,0.0491176971831369
P06454_1_111,111.0,MSDAAVDTSSEITTKDLKEKKEVVEEAENGRDAPANGNAENEENGEQEADNEVDEEEEEGGEEEEEEEEGDGEEEDGDEDEEAESATGKRAAEDDEDDDVDTKKQKTDEDD,1,111,111,0.6309827879606219,0.5666548450916731,0.0145354807253263,0.1006647171457451,0.0259487533069661,-0.0850704998437599,0.0361446080530983,0.2510862269671968,0.0116345731151233,1.0966901605307546,0.0229986241207981,10.542486929099717,0.0335751440627332,"0.5976273957022453, 0.646940721676168, 0.6013327336821309, 0.6551502086709048, 0.6157423396067405, 0.6673024474163554, 0.608874868861734, 0.6604796433931254, 0.603040247503511, 0.6533372730933044",0.0264974524298592,"0.6717484327155056, 0.5562836082031225, 0.6690842999914569, 0.5442646084543202, 0.6403950737224187, 0.5251149242968536, 0.6540021297559553, 0.5363460087017895, 0.6618554152043208, 0.5457139731170675",0.600480847416281,0.0599302803412954,"6.236493764998806, 6.191485712799024, 6.343476417844288, 6.325935733513802, 6.27455868334716",6.274390062500617,0.0561055606720957
Q5BKZ1_463_582,120.0,ERFVKGENPFEIQDHSQDQQIEGDEEDEEKIDEPIEEEEDEDEEEEAEEVGEVEEVEEVEEVREGGIEGEGNIQGVGEGGEVGVVGEVEGVGEVEEVEELEEETAKEEPADFPVEQPEEN,463,582,582,0.638125529074076,0.6146197646206454,0.0174664359436145,0.1938777399791794,0.0310936668901402,0.0054556919375843,0.0384905754365514,0.2542262536306522,0.006007255745511,1.0172890952456233,0.0133927134519887,10.576100617491656,0.0124460109866062,"0.6242121792445956, 0.6554082054501245, 0.6196953285478387, 0.6526546586204335, 0.6227450708740622, 0.6541243831342924, 0.6238712273837265, 0.6518056436129928, 0.6227799418202852, 0.6539586520524096",0.0155308319499616,"0.6253533848604284, 0.5539071677082038, 0.6356415903461101, 0.5592759544786197, 0.6319452277720077, 0.5594817103330939, 0.6262931144534463, 0.562212017846477, 0.6304713495815388, 0.558721312801765",0.594330283018169,0.0357611230975919,"6.49195022437448, 6.44955929829568, 6.468957111136455, 6.526344751607636, 6.467216676720071",6.480805612426863,0.0264552220782416
Q8NHM5_384_508,125.0,YQRESMLIDAPRKPSIDGFSSDSWLEMEEEACDQQPQEEEEKDEEGEGRDRAPKPPTDGSTSPTSTPSEDQEALGKKPKAPALRFLKRTLSNESEESVKSTTLAVDYPKTPTGSPATEVSAKWTH,384,508,1336,0.5185610865606927,0.6552804091115709,0.0197069037909438,0.3069478199765424,0.0353379764480836,0.1271323987179688,0.033735737165115,0.2160364398502025,0.0108106560770594,0.893817277146046,0.0178655386416099,10.166986664108933,0.017031619398303,"0.5239748917717085, 0.5199908384688696, 0.5200094911843498, 0.5137508835576444, 0.5152858030080661, 0.5050746679387299, 0.5308834579002355, 0.5229582791312064, 0.517591336577612, 0.5160912160685035",0.0065377151136516,"0.6698999058168528, 0.6835236819868538, 0.6775825101361941, 0.697764061113809, 0.6824879433374398, 0.7139710412205691, 0.6519625418014765, 0.6753149121575022, 0.6830801238253934, 0.6901857813651171",0.6825772502761208,0.0156554146884569,"6.051671175393517, 6.024004276139433, 6.071413563442923, 6.219482838584347, 5.879821002346179",6.04927857118128,0.1084618206604697
P06748_122_247,126.0,DAESEDEEEEDVKLLSISGKRSAPGGGSKVPQKKVKLAADEDDDDDDEEDDDEDDDDDDFDDEEAEEKAPVKKSIRDTPAKNAQKSNQNGKDSKPSSTPRSKGQESFKKQEKTPKTPKGPSSVEDI,122,247,294,0.3975025686350729,0.5511382961750965,0.0414655003708044,0.2497811394439414,0.0503056712842961,0.1211620537783779,0.047226339746789,0.1802822591046626,0.0163437535434328,0.7594088541882652,0.1070669073605116,10.20329595648018,0.0390238613464177,"0.4295520884587454, 0.38195887031094, 0.4320795071948954, 0.38405120922597585, 0.4226737249706284, 0.3749112456284764, 0.4008618381226623, 0.3542586334443973, 0.4196425384010253, 0.3750360305929827",0.025817597158138,"0.8130090078006947, 0.9853442483008742, 0.8074509211430053, 0.9805612397250678, 0.8298116145435993, 1.006604794386376, 0.8968483589175644, 1.0842820596797036, 0.834488171302513, 0.9994488169272491",0.9237849232726646,0.0941764099561434,"6.170514011887464, 6.086315593091968, 6.104528687547307, 5.910443121346835, 6.079434022012096",6.070247087177134,0.0861493917145044
Q99457_164_307,144.0,WNSEDEEFSSDEEVQDNTPSEMPPLEGEEEENPKENPEVKAEEKEVPKEIPEVKDEEKEVPKEIPEVKAEEKADSKDCMEATPEVKEDPKEVPQVKADDKEQPKATEAKARAAVRETHKRVPEERLQDSVDLKRARKGKPKRED,164,307,506,0.5287481870320792,0.7816610457469054,0.019931283120787,0.5144011803526486,0.0463776367846757,0.3226012760080681,0.0564183290001938,0.2283442772443447,0.0128471440732614,0.9210497168323342,0.0543243681966227,10.326139853086438,0.0346180292566662,"0.5456321747624787, 0.5638514384204372, 0.5197767836890995, 0.5409263411751013, 0.5117544351791405, 0.5390084332986154, 0.5106085545622147, 0.5355567627406626, 0.4988683886002087, 0.5214985578928331",0.0186035575032962,"0.702901844153595, 0.6540579798750261, 0.7696025636474303, 0.7085038949398003, 0.7930118973775903, 0.712202591973363, 0.7928552812296246, 0.7188958802586906, 0.8207569767343478, 0.7517641761291562",0.7424553086318624,0.0490432889453913,"6.124712702556015, 5.893854268778839, 5.743033727572691, 5.775687037267854, 5.757538145488616",5.858965176332803,0.1431794596365497
Q13148_252_414,163.0,GISVHISNAEPKHNSNRQLERSGRFGGNPGGFGNQGGFGNSRGGGAGLGNNQGSNMGGGMNFGAFSINPAMMAAAQAALQSSWGMMGMLASQQNQSGPSGNNQNQGNMQREPNQAFGSGNNSYSGSNSGAAIGWGSASNAGSGSGFNGGFGSSMDSKSSGWGM,252,414,414,0.5115694341162982,0.6276394343096979,0.0166224059792788,0.2507297679166448,0.0208740310174649,0.0683266982994322,0.0215496417396089,0.2149016735733269,0.0099646391751047,0.8796767581985601,0.018932505547898,9.91145153245816,0.0241175556316043,"0.5114800002903103, 0.5199140635572056, 0.5149007407821419, 0.516593270905223, 0.5064521282930424, 0.5170176655387239, 0.4988498300806504, 0.5079015308404785, 0.5079575312632023, 0.5146275796120032",0.0059957264862359,"0.6385920651820086, 0.6170463281199916, 0.6289545402109145, 0.625356849857923, 0.6512242144392136, 0.6237679060663845, 0.6683344197290979, 0.644552663927206, 0.6445944171526933, 0.6276539064325017",0.6370077311117935,0.0147047790839766,"6.026182964169364, 6.091512252452968, 5.884693944592351, 5.974314297238174, 5.978976066657993",5.99113590502217,0.0679182252065521
P46100_1_176,176.0,MTAEPMSESKLNTLVQKLHDFLAHSSEESEETSSPPRLAMNQNTDKISGSGSNSDMMENSKEEGTSSSEKSKSSGSSRSKRKPSIVTKYVESDDEKPLDDETVNEDASNENSENDITMQSLPKGTVIVQPEPVLNEDKDDFKGPEFRSRSKMKTENLKKRGEDGLHGIVSCTACGQ,1,176,2492,0.5273268454035385,0.5790099109824948,0.033439718475283,0.1844450566807425,0.0547290433549074,0.0189077786678748,0.054826310327456,0.2062643850731185,0.0022624227000125,0.8199637980190495,0.0360840633317611,10.134601405005936,0.0199599843476408,"0.5238373641366617, 0.5334683403559948, 0.5308523957703857, 0.5310973070333763, 0.5257835416002465, 0.529992967901255, 0.5171826348460643, 0.5246607384399623, 0.5251507292113291, 0.5312424347401086",0.0046487716395466,"0.6687599466907134, 0.6426732770383354, 0.64523756613275, 0.6455166706285419, 0.6562783022654026, 0.6455299477855285, 0.6813337391149386, 0.6611038596105442, 0.6622822576310651, 0.6461464210715165",0.6554861987969336,0.0121557187766787,"6.089680130361823, 6.1699577052747925, 6.168142954470642, 6.042446021926265, 6.087010403569547",6.111447443120614,0.0499399894236896
Q8WTT2_1_202,202.0,MKARRNKKQIPSFRKLIKTSKVKLENKLKNKQFKQQSTLKKYRKEQRKLRQAVKDAVSKKPIPLENPKEKRPGKRIEREEEEEEEALPLDMMDEDDLQLMKDLGQRVSFLTRDLSSSEPVHAKKRKHERIIDKYEKIPRTLQTAPEKELIHLLPIKDKSGIIPQTREKPVTDSNKDEEDQEEERELEEEIIEDPIQELTIEE,1,202,800,0.1574248844147509,0.4731578428787671,0.0904656384072612,0.3335111617370666,0.0788365168534139,0.2359374411241663,0.0520462968358941,0.1337877481738157,0.0134196251419589,0.5045855536931965,0.091021642814671,10.0635300816687,0.0112515266602689,"0.1366882510454832, 0.18377132523617012, 0.0942425197762019, 0.1495689391911827, 0.1417878471919013, 0.19138114565197875, 0.1537963164629881, 0.20343161324561432, 0.1332376620762306, 0.18634322426975802",0.0318221499933014,"2.448773807914102, 2.0540831399290456, 2.846292988233561, 2.3168962288542825, 2.4115383363643743, 1.9994187450803171, 2.3197326288342133, 1.919942216292083, 2.4989761598115185, 2.042537618598697",2.285819186991219,0.2707066459936003,"2.685348658258386, 2.2446924187433988, 2.737198567146158, 2.756875660362988, 2.6394022094818417",2.6127035027985546,0.1885242316528524
P08621_202_437,236.0,GGADVNIRHSGRDDTSRYDERPGPSPLPHRDRDRDRERERRERSRERDKERERRRSRSRDRRRRSRSRDKEERRRSRERSKDKDRDRKRRSSRSRERARRERERKEELRGGGGDMAEPSEAGDAPPDDGPPGELGPDGPDGPEEKGRDRDRERRRSHRSERERRRDRDRDRDRDREHKRGERGSERGRDEARGGGGGQDNGLEGLGNDSRDMYMESEGGDGYLAPENGYLMEAAPE,202,437,437,0.3351009019293564,0.5446743023884094,0.034585243268738,0.3225510184926717,0.0363477156517961,0.2168368212527364,0.0448739834861019,0.1666357847561062,0.005950869432645,0.6909800372190651,0.0843999661450286,9.9540401005518,0.0060969393909934,"0.3417756185189222, 0.3455018989883943, 0.3375297353500101, 0.3432055634814078, 0.3298339805155748, 0.3370685342311383, 0.3219249803705782, 0.3271707970550939, 0.328558891175984, 0.33843901960646067",0.0073916290264663,"1.175879896310938, 1.1646324544402968, 1.1976828748649242, 1.1765423230789878, 1.232934028211024, 1.203434490550187, 1.2539989077862634, 1.234907083964806, 1.2487051174127204, 1.2042894735422767",1.2093006650162423,0.0302401574018777,"5.126052045313095, 5.02703548421504, 4.946398289096556, 4.930013176681031, 4.9676622075609735",4.99943224057334,0.0713238465737931
Q7KZ85_1_274,274.0,MSDFVESEAEESEEEYNDEGEVVPRVTKKFVEEEDDDEEEEEENLDDQDEQGNLKGFINDDDDEDEGEEDEGSDSGDSEDDVGHKKRKRTSFDDRLEDDDFDLIEENLGVKVKRGQKYRRVKKMSDDEDDDEEEYGKEEHEKEAIAEEIFQDGEGEEGQEAMEAPMAPPEEEEEDDEESDIDDFIVDDDGQPLKKPKWRKKLPGYTDAALQEAQEIFGVDFDYDEFEKYNEYDEELEEEYEYEDDEAEGEIRVRPKKTTKKRVSRRSIFEMYEP,1,274,1726,0.5492768125718636,0.5060064558101145,0.019788294529345,0.2196239743073079,0.0270966986934121,0.1270412910979502,0.0211151580334116,0.2185736625816196,0.0032726823441869,0.8954799777065879,0.0274647914628067,10.193948011012,0.0139883900690862,"0.5604016840901821, 0.5699367229002041, 0.5513456458052918, 0.564297591747664, 0.5212042770603115, 0.5410950476643079, 0.5514074054127683, 0.5598499451407689, 0.5262477608767718, 0.5469820450203652",0.0151242877663178,"0.6243137441391459, 0.5964459493449118, 0.6465318465587613, 0.6079856683577776, 0.7193444699763895, 0.655215273025183, 0.641741518911006, 0.6165444823157444, 0.7115507859739831, 0.6456218493910661",0.6465295587993969,0.0387499791371623,"6.279893328769271, 6.115532061643157, 5.921818226530697, 6.22101282767274, 5.905768451318641",6.088804979186901,0.1523777907575277
P35637_1_285,285.0,MASNDYTQQATQSYGAYPTQPGQGYSQQSSQPYGQQSYSGYSQSTDTSGYGQSSYSSYGQSQNTGYGTQSTPQGYGSTGGYGSSQSSQSSYGQQSSYPGYGQQPAPSSTSGSYGSSSQSSSYGQPQSGSYSQQPSYGGQQQSYGQQQSYNPPQGYGQQNQYNSSSGGGGGGGGGGNYGQDQSSMSSGGGSGGGYGNQDQSGGGGSGGYGQQDRGGRGRGGSGGGGGGGGGGYNRSSGGYEPRGRGGGRGGRGGMGGSDRGGFNKFGGPRDQGSRHDSEQDNSDNN,1,285,526,0.4682331915364704,0.44291883769928,0.0242240554947103,0.1797822703455518,0.0193437632711403,0.0575614509648476,0.0400787385586984,0.2017847278274167,0.0172520240944859,0.8399480914113321,0.0307114069621781,9.775381319743609,0.0091959127067822,"0.4719230669872837, 0.46435099448305583, 0.4454690720471038, 0.4570136448129907, 0.4826720102129176, 0.47964079490248335, 0.4571906699768912, 0.45534456744054214, 0.4858102361578963, 0.48291685834353976",0.0135055521210452,"0.6890216695075579, 0.7154772974073016, 0.7722628871902998, 0.7329757169668893, 0.6674289552777087, 0.677755497500811, 0.7279540596460194, 0.7360243997733001, 0.6641647471812456, 0.6742507371701494",0.7057315967621283,0.0345296232123662,"5.99335321167101, 5.6053266158626975, 5.889907625919434, 5.891374205374602, 5.980734128999071",5.872139157565363,0.1402571585874493
Q6PD62_879_1173,295.0,AQYVEKTKNILMFTGETEATKEKKRGGGGGRRSKKGGEFDEFVNDDTDDDLPISKKKKRRKGSGSEQEGEDEEGGERKKKKRRRHPKGEEGSDDDETENGPKPKKRRPPKAEKKKAPKPERLPPSMKGKIKSKAIISSSDDSSDEDKLKIADEGHPRNSNSNSDSDEDEQRKKCASSESDSDENQNKSGSEAGSPRRPRRQRSDQDSDSDQPSRKRRPSGSEQSDNESVQSGRSHSGVSENDSRPASPSAESDHESERGSDNEGSGQGSGNESEPEGSNNEASDRGSEHGSDDSD,879,1173,1173,0.4387207185252609,0.5028806620871049,0.025507060865714,0.2505297862671571,0.0341835761272146,0.1315366685170119,0.0206202150270816,0.1820461613381817,0.0110296629757959,0.7801124241753998,0.0394933120160098,9.9763422181986,0.0206349899536942,"0.4504015196111931, 0.45589617466502774, 0.4275216941698156, 0.4354160464804709, 0.4505722014623733, 0.4531013233503253, 0.4243384989268475, 0.43464221384753376, 0.4202790824493401, 0.4350384302896828",0.0122154471190733,"0.8036666315401867, 0.7849518454314359, 0.871009777484693, 0.8417132661584955, 0.7996826088806327, 0.7920945304055775, 0.8847943286283896, 0.8455860476716062, 0.8968604239638953, 0.8389741209409763",0.8359333581105888,0.037870702256287,"5.970646488561719, 5.868634242435642, 5.982044695294514, 5.781839760536888, 5.7058040233811536",5.861793842041985,0.1068470272071429
P98177_190_505,316.0,APRRRAASMDSSSKLLRGRSKAPKKKPSVLPAPPEGATPTSPVGHFAKWSGSPCSRNREEADMWTTFRPRSSSNASSVSTRLSPLRPESEVLAEEIPASVSSYAGGVPPTLNEGLELLDGLNLTSSHSLLSRSGLSGFSLQHPGVTGPLHTYSSSLFSPAEGPLSAGEGCFSSSQALEALLTSDTPPPPADVLMTQVDPILSQAPTLLLLGGLPSSSKLATGVGLCPKPLEAPGPSSLVPTLSMIAPPPVMASAPIPKALGTPVLTPPTEAASQDRMPQDLDLDMYMENLECDMDNIISDLMDEGEGLDFNFEPDP,190,505,505,0.4494715003465185,0.6053400575194069,0.0375804171531853,0.3962026020099467,0.0341387695439152,0.2921596918321439,0.0317238124799618,0.1977959951544441,0.0123991389734215,0.8708340554295775,0.0487439857264938,9.974446770029614,0.0089910129704581,"0.4353915442457663, 0.4669503255756891, 0.4572320334174243, 0.48201199761337715, 0.4119889226455874, 0.4517441813469173, 0.4027750100610533, 0.44595767433784095, 0.4599639819573607, 0.4806993322641697",0.0251220060424654,"0.924757413171385, 0.7969170315154821, 0.8511461336295776, 0.7571989137023994, 1.0121335264848874, 0.8396257045214495, 1.0473089775469986, 0.8549587817281965, 0.8370948735126377, 0.7595990968501038",0.8680740452663118,0.0935105933135779,"5.395460686435235, 5.636528039956051, 5.200083989317602, 5.177808433938336, 5.612761369256238",5.404528503780692,0.1951750424232158
A8MYZ6_176_492,317.0,KTPRRRAVSMDNGAKFLRIKGKASKKKQLQAPERSPDDSSPSAPAPGPVPAAAKWAASPASHASDDYEAWADFRGGGRPLLGEAAELEDDEALEALAPSSPLMYPSPASALSPALGSRCPGELPRLAELGGPLGLHGGGGAGLPEGLLDGAQDAYGPRPAPRPGPVLGAPGELALAGAAAAYPGKGAAPYAPPAPSRSALAHPISLMTLPGEAGAAGLAPPGHAAAFGGPPGGLLLDALPGPYAAAAAGPLGAAPDRFPADLDLDMFSGSLECDVESIILNDFMDSDEMDFNFDSALPPPPPGLAGAPPPNQSWVPG,176,492,492,0.4760524780259814,0.5105225333659664,0.0229507176851905,0.2538958796872678,0.0130883739121649,0.1392742991040568,0.0197032270617529,0.2012661480367222,0.0076170752263797,0.8799040725898333,0.0411585519162299,9.901950794522,0.007263174984617,"0.4765425395863309, 0.4980243862216921, 0.4698194363397569, 0.487140083901702, 0.4733347111838811, 0.4906273535468127, 0.4584287546337059, 0.48367568728362875, 0.4497728526533171, 0.4731589749089874",0.0139007337629202,"0.7753165696172595, 0.7001817093017058, 0.7866641505098695, 0.7249450045195909, 0.7790586752745405, 0.7181479488144021, 0.8263649555734403, 0.733436204855691, 0.8510720819390465, 0.7626825944586977",0.7657869894864243,0.0457644541302839,"5.461790001949976, 5.517413186528255, 5.535876907148078, 5.381609790727643, 5.40701318974007",5.460740615218805,0.0600111115535137
Q8NHM5_717_1058,342.0,WECPKCNHAGKTGKQKRGPGFKYASNLPGSLLKEQKMNRDNKEGQEPAKRRSECEEAPRRRSDEHSKKVPPDGLLRRKSDDVHLRKKRKYEKPQELSGRKRASSLQTSPGSSSHLSPRPPLGSSLSPWWRSSLTYFQQQLKPGKEDKLFRKKRRSWKNAEDRMALANKPLRRFKQEPEDELPEAPPKTRESDHSRSSSPTAGPSTEGAEGPEEKKKVKMRRKRRLPNKELSRELSKELNHEIQRTENSLANENQQPIKSEPESEGEEPKRPPGICERPHRFSKGLNGTPRELRHQLGPSLRSPPRVISRPPPSVSPPKCIQMERHVIRPPPISPPPDSLPLD,717,1058,1336,0.5294492883422475,0.4760377970157711,0.028135292139234,0.2069329155459049,0.027853921058145,0.0903097141713104,0.0285688012494354,0.2135736268460914,0.0127812966169355,0.8875041973222461,0.0651521895978683,9.995542081191656,0.0108072030012282,"0.540382306655681, 0.5360366577731172, 0.5252409601983099, 0.5179562600570999, 0.5250798990461767, 0.5248485848202823, 0.5382910727795838, 0.534167385522804, 0.5274260273492272, 0.525063729220193",0.0069046824185398,"0.6213516848180859, 0.6357978051134133, 0.6520904140721504, 0.6775210861147299, 0.660394689529404, 0.662539858082581, 0.6260188910070653, 0.639381990513256, 0.6522848977487118, 0.6612308238701374",0.6488612140869534,0.0168988918819799,"6.433602707337236, 6.4041874339641645, 6.287892401446357, 6.379276887458167, 6.300948711752072",6.3611816283916,0.0573080542723569
Q9UER7_399_740,342.0,QGTSSHSADTPEASLDSGEGPSGMASQGCPSASRAETDDEDDEESDEEEEEEEEEEEEEATDSEEEEDLEQMQEGQEDDEEEDEEEEAAAGKDGDKSPMSSLQISNEKNLEPGKQISRSSGEQQNKGRIVSPSLLSEEPLAPSSIDAESNGEQPEELTLEEESPVSQLFELEIEALPLDTPSSVETDISSSRKQSEEPFTTVLENGAGMVSSTSFNGGVSPHNWGDSGPPCKKSRKEKKQTGSGPLGNSYVERQRSVHEKNGKKICTLPSPPSPLASLAPVADSSTRVDSPSHGLVTSSLCIPSPARLSQTPHSQPPRPGTCKTSVATQCDPEEIIVLSDSD,399,740,740,0.4433121139015081,0.6174900985770909,0.0277196422159044,0.4596227089630708,0.0382217282612122,0.3609515167630303,0.0475093725594295,0.1878660779653348,0.0163230857808038,0.7561825190026643,0.0581901158327635,10.135755886151587,0.0170143749092216,"0.4378723639992679, 0.4693511626736358, 0.415564643583678, 0.45108926287734086, 0.3900924826329875, 0.4393156166728705, 0.4734098792660838, 0.48602312870919023, 0.4199773651685879, 0.45042523343143903",0.0277696659529095,"1.021215764406752, 0.8826104707576146, 1.1061037306157249, 0.9380450272277291, 1.2309570410805108, 0.9772127262528525, 0.8741947778701252, 0.8279715594275258, 1.0769328561381637, 0.9360002078876181",0.9871244161664616,0.1170319677014764,"5.977151449658876, 5.858641930151626, 5.508550217994169, 6.323607082863586, 5.955395971204251",5.924669330374501,0.2609078622543557
P46100_289_1546,1258.0,QLLQQNKKKIKVDSEKSNKVYEHTSRFSPKKTSSNCNGEEKKLDDSCSGSVTYSYSALIVPKEMIKKAKKLIETTANMNSSYVKFLKQATDNSEISSATKLRQLKAFKSVLADIKKAHLALEEDLNSEFRAMDAVNKEKNTKEHKVIDAKFETKARKGEKPCALEKKDISKSEAKLSRKQVDSEHMHQNVPTEEQRTNKSTGGEHKKSDRKEEPQYEPANTSEDLDMDIVSVPSSVPEDIFENLETAMEVQSSVDHQGDGSSGTEQEVESSSVKLNISSKDNRGGIKSKTTAKVTKELYVKLTPVSLSNSPIKGADCQEVPQDKDGYKSCGLNPKLEKCGLGQENSDNEHLVENEVSLLLEESDLRRSPRVKTTPLRRPTETNPVTSNSDEECNETVKEKQKLSVPVRKKDKRNSSDSAIDNPKPNKLPKSKQSETVDQNSDSDEMLAILKEVSRMSHSSSSDTDINEIHTNHKTLYDLKTQAGKDDKGKRKRKSSTSGSDFDTKKGKSAKSSIISKKKRQTQSESSNYDSELEKEIKSMSKIGAARTTKKRIPNTKDFDSSEDEKHSKKGMDNQGHKNLKTSQEGSSDDAERKQERETFSSAEGTVDKDTTIMELRDRLPKKQQASASTDGVDKLSGKEQSFTSLEVRKVAETKEKSKHLKTKTCKKVQDGLSDIAEKFLKKDQSDETSEDDKKQSKKGTEEKKKPSDFKKKVIKMEQQYESSSDGTEKLPEREEICHFPKGIKQIKNGTTDGEKKSKKIRDKTSKKKDELSDYAEKSTGKGDSCDSSEDKKSKNGAYGREKKRCKLLGKSSRKRQDCSSSDTEKYSMKEDGCNSSDKRLKRIELRERRNLSSKRNTKEIQSGSSSSDAEESSEDNKKKKQRTSSKKKAVIVKEKKRNSLRTSTKRKQADITSSSSSDIEDDDQNSIGEGSSDEQKIKPVTENLVLSSHTGFCQSSGDEALSKSVPVTVDDDDDDNDPENRIAKKMLLEEIKANLSSDEDGSSDDEPEEGKKRTGKQNEENPGDEEAKNQVNSESDSDSEESKKPRYRHRLLRHKLTVSDGESGEEKKTKPKEHKEVKGRNRRKVSSEDSEDSDFQESGVSEEVSESEDEQRPRTRSAKKAELEENQRSYKQKKKRRRIKVQEDSSSENKSNSEEEEEEKEEEEEEEEEEEEEEEDENDDSKSPGKGRKKIRKILKDDKLRTETQNALKEEEERRKRIAEREREREKLREVIEIEDASPTKCPITTKLVLDEDEETK,289,1546,2492,0.4708619259177404,0.4572535005718341,0.0065068007469909,0.2422010717851252,0.0268413225889298,0.1559039162669052,0.0367422758192676,0.2204973207481522,0.0121462363403908,0.8949352402392977,0.0252118857869378,9.962913572212354,0.0137659327056172,"0.4784148828597511, 0.4743149832062082, 0.4855619998660654, 0.4672909810506219, 0.4487267826060556",0.012552124552954,"0.821167523446192, 0.830861719524252, 0.7936712468158665, 0.877229220684556, 0.9574129228001664",0.8560685266542066,0.0573852686390366,"5.839914731291539, 5.765839160325062, 5.906546208384611, 5.738596915953824, 5.521833376926355",5.754546078576278,0.1303295494668168
Q13342_131_587,457.0,RSFQNVCYEHSPLQMNNVNDLEDRPRLLPYGKQENSNACHEMDDIAVPQEALSSSPRCEPGFSSESCEQLALPKAGGGDAEDAPSLLPGGGVSCKLAIQIDEGESEEMPKLLPYDTEVLESNGMIDAARTYSTAPGEKQGEEEGRNSPRKRNQDKEKYQESPEGRDKETFDLKTPQVTNEGEPEKGLCLLPGEGEEGSDDCSEMCDGEEPQEASSSLARCGSVSCLSAETFDLKTPQVTNEGEPEKELSLLPGEGEEGSDDCSEMCDGEERQEASSSLARRGSVSSELENHPMNEEGESEELASSLLYDNVPGAEQSAYENEKCSCVMCFSEEVPGSPEARTESDQACGTMDTVDIANNSTLGKPKRKRRKKRGHGWSRMRMRRQENSQQNDNSKADGQVVSSEKKANVNLKDLSKIRGRKRGKPGTRFTQSDRAAQKRVRSRASRKHKDETVDFKA,131,587,867,0.4110248591773987,0.4330673291487456,0.0323349721208959,0.1882543214431754,0.0510417877081847,0.0888328640903602,0.0367168649477439,0.2195747161913936,0.0024635393090516,0.905460503674323,0.0285080435382904,9.979982539426535,0.0132685504835422,"0.4178530023969292, 0.3974577406945966, 0.4116822022714877, 0.4165415404723707, 0.4115898100516094",0.0072370613607557,"0.9976531655774262, 1.1059058157208197, 1.0335985519382236, 1.010993303669997, 1.0430913564872797",1.0382484386787492,0.0374524086016616,"5.334723069421944, 5.026589836251737, 5.142557910584984, 5.2691894967807125, 5.193293037694866",5.193270670146848,0.1059497374879241
Q15648_525_1581,1057.0,LSLIAETVEDMVKKNLPPASSPGYGMTTGNNPMSGTTTPTNTFPGGPITTLFNMSMSIKDRHESVGHGEDFSKVSQNPILTSLLQITGNGGSTIGSSPTPPHHTPPPVSSMAGNTKNHPMLMNLLKDNPAQDFSTLYGSSPLERQNSSSGSPRMEICSGSNKTKKKKSSRLPPEKPKHQTEDDFQRELFSMDVDSQNPIFDVNMTADTLDTPHITPAPSQCSTPPTTYPQPVPHPQPSIQRMVRLSSSDSIGPDVTDILSDIAEEASKLPSTSDDCPAIGTPLRDSSSSGHSQSTLFDSDVFQTNNNENPYTDPADLIADAAGSPSSDSPTNHFFHDGVDFNPDLLNSQSQSGFGEEYFDESSQSGDNDDFKGFASQALNTLGVPMLGGDNGETKFKGNNQADTVDFSIISVAGKALAPADLMEHHSGSQGPLLTTGDLGKEKTQKRVKEGNGTSNSTLSGPGLDSKPGKRSRTPSNDGKSKDKPPKRKKADTEGKSPSHSSSNRPFTPPTSTGGSKSPGSAGRSQTPPGVATPPIPKITIQIPKGTVMVGKPSSHSQYTSSGSVSSSGSKSHHSHSSSSSSSASTSGKMKSSKSEGSSSSKLSSSMYSSQGSSGSSQSKNSSQSGGKPGSSPITKHGLSSGSSSTKMKPQGKPSSLMNPSLSKPNISPSHSRPPGGSDKLASPMKPVPGTPPSSKAKSPISSGSGGSHMSGTSSSSGMKSSSGLGSSGSLSQKTPPSSNSCTASSSSFSSSGSSMSSSQNQHGSSKGKSPSRNKKPSLTAVIDKLKHGVVTSGPGGEDPLDGQMGVSTNSSSHPMSSKHNMSGGEFQGKREKSDKDKSKVSTSGSSVDSSKKTSESKNVGSTGVAKIIISKHDGGSPSIKAKVTLQKPGESSGEGLRPQMASSKNYGSPLISGSTPKHERGSPSHSKSPAYTPQNLDSESESGSSIAEKSYQNSPSSDDGIRPLPEYSTEKHKKHKKEKKKVKDKDRDRDRDKDRDKKKSHSIKPESWSKSPISSDQSLSMTSNTILSADRPSRLSPDFMIGEEDDDLMDVALIGN,525,1581,1581,0.4911418439357,0.4655295303438344,0.0283632244562037,0.2517740117941299,0.0252765551617165,0.1356062743875096,0.0148758644509727,0.2002926511334475,0.0097195517081654,0.876315937001376,0.0464503264635926,9.94412828767812,0.0080076328323214,"0.4866460629426752, 0.4996036935100914, 0.4831648451391117, 0.4954799624007862, 0.4908146556858353",0.0059054852252056,"0.8332100712284642, 0.7752242793385244, 0.8305356529853518, 0.7888908165793971, 0.8091695858654251",0.8074060811994326,0.0227262682202337,"5.66351161764788, 5.806645473906617, 5.655185216877624, 5.853313378083777, 5.705906047249856",5.736912346753151,0.0792972767719035
Q5VUA4_1_884,884.0,MYRSSARSSVSSHRPKDDGGGGPRSGRSSGSSSGPARRSSPPPPPSGSSSRTPARRPRSPSGHRGRRASPSPPRGRRVSPSPPRARRGSPSPPRGRRLFPPGPAGFRGSSRGESRADYARDGRGDHPGDSGSRRRSPGLCSDSLEKSLRITVGNDHFCVSTPERRRLSDRLGSPVDNLEDMDRDDLTDDSVFTRSSQCSRGLERYISQEEGPLSPFLGQLDEDYRTKETFLHRSDYSPHISCHDELLRGTERNREKLKGYSIRSEERSREAKRPRYDDTVKINSMGGDHPSFTSGTRNYRQRRRSPSPRFLDPEFRELDLARRKREEEEERSRSLSQELVGVDGGGTGCSIPGLSGVLTASEPGYSLHRPEEVSVMPKKSILKKRIEVDIMEPSMQLESFSSSTSSSQDHPLYSGHPSLPLSGAIAAFASEIENKGTMVETALKEPQGNLYQWGPLPGIPKDNSPLREKFGSFLCHKDNLDLKAEGPERHTDFLLPHERASQDGSGFSRILSMLADSTSTQEKRRRSFPDIEDEEKFLYGDEEEDLKAESVPKPLGSSESEVMRQKASSLPSSAPAVKLESLEETNPEYAKIHDLLKTIGLDIGVAEISQLAARTQERLHGKKPSLRSSADRRSSVDRYFSADHCSSVDHRFSADRCSSVDHCFSADRRSSDPHRLESREAHHSNTHSPEVSHPHPPSPVDPYLLTKNSPPFLKSDHPVGHISGPEVVGSGFQSSVAVRCMLPSAPSAPIRLPHTAALSQFHMPRASQFAAARIPPNYQGPAIPPASFDAYRHYMAYAASRWPMYPTSQPSNHPVPEPHRIMPITKQATRSRPNLRVIPTVTPDKPKQKESLRGSIPAAQVPVQVSIPSLIRYNPEKISDEKNR,1,884,2279,0.437910662674545,0.4621794734688335,0.0108710762641657,0.2473015526021264,0.0415353275240259,0.1329253201489847,0.0560601727406314,0.2142658563538497,0.0096926884907429,0.9131994102190362,0.046195733218727,9.879550119149972,0.0063048795401175,"0.4471234472995938, 0.4326211769510388, 0.4297426262565843, 0.4382196459011597, 0.4418464169643484",0.0062475036799649,"0.8694658033963292, 0.9442434128792148, 0.9479295117454374, 0.910082172541352, 0.8911024813979155",0.91256467639205,0.0302605863057267,"5.6982621827584055, 5.608327902598024, 5.722913922898702, 5.714262513677473, 5.78937576040223",5.706628456466967,0.058143967841307
Q9UQL6_176_680,505.0,SAIASTEVKLRLQEFLLSKSKEPTPGGLNHSLPQHPKCWGAHHASLDQSSPPQSGPPGTPPSYKLPLPGPYDSRDDFPLRKTASEPNLKVRSRLKQKVAERRSSPLLRRKDGTVISTFKKRAVEITGAGPGASSVCNSAPGSGPSSPNSSHSTIAENGFTGSVPNIPTEMLPQHRALPLDSSPNQFSLYTSPSLPNISLGLQATVTVTNSHLTASPKLSTQQEAERQALQSLRQGGTLTGKFMSTSSIPGCLLGVALEGDGSPHGHASLLQHVLLLEQARQQSTLIAVPLHGQSPLVTGERVATSMRTVGKLPRHRPLSRTQSSPLPQSPQALQQLVMQQQHQQFLEKQKQQQLQLGKILTKTGELPRQPTTHPEETEEELTEQQEVLLGEGALTMPREGSTESESTQEDLEEEDEEDDGEEEEDCIQVKDEEGESGAEEGPDLEEPGAGYKKLFSDAQPLQPLQVYQAPLSLATVPHQALGRTQSSPAAPGGMKSPPDQPVKHL,176,680,1122,0.3104943081766835,0.5694081205174414,0.0409733333275886,0.4116496969630018,0.027578432664435,0.323269210132013,0.0250866974596131,0.161262923853097,0.0150079418650321,0.6828046203162146,0.0904416117039186,9.932956374991935,0.0064008320870096,"0.282427768806196, 0.30938992000657, 0.31367284149373, 0.3360316683572787, 0.3109493422196433",0.0170377064212686,"1.7679066512392354, 1.5877836763550426, 1.561986229839644, 1.4153215174864668, 1.5854176723369122",1.5836831494514605,0.1120486652665127,"5.056470648790363, 5.230307447127246, 5.177209678192479, 5.510006690934984, 5.1842985124334575",5.2316585954957056,0.1505841735180545
Q6IMN6_317_998,682.0,IPVPKNAKEKEVPLEEEMLIQSEKKTQLSKTESVKESESLMEFAQPEIQPQEFLNRRYMTEVDYSNKQGEEQPWEADYARKPNLPKRWDMLTEPDGQEKKQESFKSWEASGKHQEVSKPAVSLEQRKQDTSKLRSTLPEEQKKQEISKSKPSPSQWKQDTPKSKAGYVQEEQKKQETPKLWPVQLQKEQDPKKQTPKSWTPSMQSEQNTTKSWTTPMCEEQDSKQPETPKSWENNVESQKHSLTSQSQISPKSWGVATASLIPNDQLLPRKLNTEPKDVPKPVHQPVGSSSTLPKDPVLRKEKLQDLMTQIQGTCNFMQESVLDFDKPSSAIPTSQPPSATPGSPVASKEQNLSSQSDFLQEPLQATSSPVTCSSNACLVTTDQASSGSETEFMTSETPEAAIPPGKQPSSLASPNPPMAKGSEQGFQSPPASSSSVTINTAPFQAMQTVFNVNAPLPPRKEQEIKESPYSPGYNQSFTTASTQTPPQCQLPSIHVEQTVHSQETAANYHPDGTIQVSNGSLAFYPAQTNVFPRPTQPFVNSRGSVRGCTRGGRLITNSYRSPGGYKGFDTYRGLPSISNGNYSQLQFQAREYSGAPYSQRDNFQQCYKRGGTSGGPRANSRAGWSDSSQVSSPERDNETFNSGDSGQGDSRSMTPVDVPVTNPAATILPVHVYPLPQQMRV,317,998,1127,0.5087162016189726,0.4634364003597554,0.0569068442155068,0.2190881141553006,0.0353881969047686,0.1196104145482065,0.022497156272572,0.2141079016270846,0.0107831095853908,0.9130261410890989,0.0535280991122747,9.969269177131032,0.0033967598008487,"0.5297904326507271, 0.4946765175525865, 0.5025238149319792, 0.4984433329926928, 0.5181469099668768",0.013221586023628,"0.6712747085405287, 0.7898210164133004, 0.7626820590055838, 0.7861782710031209, 0.7100799594989312",0.744007202892293,0.0461890210433165,"6.129779126337938, 5.726237807825667, 5.814983913213093, 5.686703868708926, 6.004882040500573",5.8725173513172395,0.1690789658666137
